official_scenic_id,scenic_name,theme_name_cn,is_satisfaction_topic,theme_review_n,theme_issue_n,theme_negative_n,sample_n,importance,issue_rate,negative_rate,dissatisfaction_index,performance,priority_index,importance_cut,performance_cut,quadrant,scenic_priority_rank
BJ20_08,慕田峪长城,票务预约与入园体验,0,113,28,44,281,0.40213523131672596,0.24778761061946902,0.3893805309734513,0.3185840707964602,0.6814159292035398,0.12811387900355872,0.18149466192170818,0.8549164208456244,高重要性低表现 = 优先改进,1
BJ20_08,慕田峪长城,现场服务与导览体验,0,30,1,3,281,0.10676156583629894,0.03333333333333333,0.1,0.06666666666666667,0.9333333333333333,0.007117437722419929,0.18149466192170818,0.8549164208456244,低重要性高表现 = 低优先级观察,2
BJ20_08,慕田峪长城,交通与开放空间体验,0,10,0,1,281,0.03558718861209965,0.0,0.1,0.05,0.95,0.0017793594306049825,0.18149466192170818,0.8549164208456244,低重要性高表现 = 低优先级观察,3
