official_scenic_id,scenic_name,theme_name_cn,is_satisfaction_topic,theme_review_n,theme_issue_n,theme_high_rating_issue_n,theme_negative_n,theme_avg_sentiment_score,theme_avg_topic_prob,sample_n,priority_score,priority_rank,theme_review_share_total,theme_issue_share_total,theme_high_rating_issue_share_total,theme_negative_share_total,theme_issue_rate_within_theme,theme_negative_rate_within_theme,theme_problem_strength,importance,scenic_gap,scenic_performance,importance_cut,gap_cut,quadrant,scenic_priority_index,scenic_priority_rank
BJ20_17,北京动物园,票务预约与入园体验,0,201,60,37,99,0.37802135656554187,0.6835748249678908,300,0.7837172388335178,2,0.67,0.2,0.12333333333333334,0.33,0.29850746268656714,0.4925373134328358,0.2,1.0,1.0,0.0,0.3353494338079965,0.35555555555555557,高重要性高缺口 = 优先改进,1.0,1
BJ20_17,北京动物园,交通与开放空间体验,0,9,0,0,4,0.5541799281348047,0.6541505567981426,300,0.7837172388335178,2,0.03,0.0,0.0,0.013333333333333334,0.0,0.4444444444444444,0.0,0.006048301423989402,0.0,1.0,0.3353494338079965,0.35555555555555557,低重要性低缺口 = 观察即可,0.0,2
BJ20_17,北京动物园,现场服务与导览体验,0,12,4,1,4,0.5688328819868423,0.570084782576219,300,0.7837172388335178,2,0.04,0.013333333333333334,0.0033333333333333335,0.013333333333333334,0.3333333333333333,0.3333333333333333,0.013333333333333334,0.0,0.06666666666666667,0.9333333333333333,0.3353494338079965,0.35555555555555557,低重要性低缺口 = 观察即可,0.0,3
