official_scenic_id,scenic_name,theme_name_cn,is_satisfaction_topic,theme_review_n,theme_issue_n,theme_negative_n,sample_n,importance,issue_rate,negative_rate,dissatisfaction_index,performance,priority_index,importance_cut,performance_cut,quadrant,scenic_priority_rank
BJ20_19,国家游泳中心,票务预约与入园体验,0,56,24,35,273,0.20512820512820512,0.42857142857142855,0.625,0.5267857142857143,0.4732142857142857,0.10805860805860806,0.2087912087912088,0.752094356261023,低重要性低表现 = 次级改进,1
BJ20_19,国家游泳中心,交通与开放空间体验,0,108,5,11,273,0.3956043956043956,0.046296296296296294,0.10185185185185185,0.07407407407407407,0.9259259259259259,0.0293040293040293,0.2087912087912088,0.752094356261023,高重要性高表现 = 继续保持,2
BJ20_19,国家游泳中心,现场服务与导览体验,0,7,1,1,273,0.02564102564102564,0.14285714285714285,0.14285714285714285,0.14285714285714285,0.8571428571428572,0.0036630036630036626,0.2087912087912088,0.752094356261023,低重要性高表现 = 低优先级观察,3
