official_scenic_id,scenic_name,theme_name_cn,is_satisfaction_topic,theme_review_n,theme_issue_n,theme_high_rating_issue_n,theme_negative_n,theme_avg_sentiment_score,theme_avg_topic_prob,sample_n,priority_score,priority_rank,theme_review_share_total,theme_issue_share_total,theme_high_rating_issue_share_total,theme_negative_share_total,theme_issue_rate_within_theme,theme_negative_rate_within_theme,theme_problem_strength,importance,scenic_gap,scenic_performance,importance_cut,gap_cut,quadrant,scenic_priority_index,scenic_priority_rank
BJ20_07,八达岭长城,票务预约与入园体验,0,88,22,11,36,0.4296112403979937,0.6209030824961856,300,0.6832780862590125,3,0.29333333333333333,0.07333333333333333,0.03666666666666667,0.12,0.25,0.4090909090909091,0.07333333333333333,1.0,1.0,0.0,0.3353494338079965,0.34920634920634924,高重要性高缺口 = 优先改进,1.0,1
BJ20_07,八达岭长城,交通与开放空间体验,0,14,1,1,2,0.8179600953762453,0.5636179964091597,300,0.6832780862590125,3,0.04666666666666667,0.0033333333333333335,0.0033333333333333335,0.006666666666666667,0.07142857142857142,0.14285714285714285,0.0033333333333333335,0.006048301423989402,0.0,1.0,0.3353494338079965,0.34920634920634924,低重要性低缺口 = 观察即可,0.0,2
BJ20_07,八达岭长城,现场服务与导览体验,0,53,2,2,4,0.8287784660081344,0.7522474287757869,300,0.6832780862590125,3,0.17666666666666667,0.006666666666666667,0.006666666666666667,0.013333333333333334,0.03773584905660377,0.07547169811320754,0.006666666666666667,0.0,0.047619047619047616,0.9523809523809523,0.3353494338079965,0.34920634920634924,低重要性低缺口 = 观察即可,0.0,3
