official_scenic_id,scenic_name,theme_name_cn,is_satisfaction_topic,theme_review_n,theme_issue_n,theme_negative_n,sample_n,importance,issue_rate,negative_rate,dissatisfaction_index,performance,priority_index,importance_cut,performance_cut,quadrant,scenic_priority_rank
BJ20_03,天坛公园,票务预约与入园体验,0,120,31,54,274,0.43795620437956206,0.25833333333333336,0.45,0.3541666666666667,0.6458333333333333,0.1551094890510949,0.24209245742092458,0.8606837606837606,高重要性低表现 = 优先改进,1
BJ20_03,天坛公园,交通与开放空间体验,0,39,3,1,274,0.14233576642335766,0.07692307692307693,0.02564102564102564,0.05128205128205128,0.9487179487179487,0.0072992700729927005,0.24209245742092458,0.8606837606837606,低重要性高表现 = 低优先级观察,2
BJ20_03,天坛公园,现场服务与导览体验,0,40,1,0,274,0.145985401459854,0.025,0.0,0.0125,0.9875,0.0018248175182481751,0.24209245742092458,0.8606837606837606,低重要性高表现 = 低优先级观察,3
