official_scenic_id,scenic_name,theme_name_cn,is_satisfaction_topic,theme_review_n,theme_issue_n,theme_negative_n,sample_n,importance,issue_rate,negative_rate,dissatisfaction_index,performance,priority_index,importance_cut,performance_cut,quadrant,scenic_priority_rank
BJ20_10,司马台长城,票务预约与入园体验,0,94,19,31,285,0.3298245614035088,0.20212765957446807,0.32978723404255317,0.26595744680851063,0.7340425531914894,0.08771929824561404,0.14385964912280702,0.9034110097939885,高重要性低表现 = 优先改进,1
BJ20_10,司马台长城,交通与开放空间体验,0,21,1,0,285,0.07368421052631578,0.047619047619047616,0.0,0.023809523809523808,0.9761904761904762,0.0017543859649122805,0.14385964912280702,0.9034110097939885,低重要性高表现 = 低优先级观察,2
BJ20_10,司马台长城,现场服务与导览体验,0,8,0,0,285,0.028070175438596492,0.0,0.0,0.0,1.0,0.0,0.14385964912280702,0.9034110097939885,低重要性高表现 = 低优先级观察,3
