official_scenic_id,scenic_name,theme_name_cn,is_satisfaction_topic,theme_review_n,theme_issue_n,theme_negative_n,sample_n,importance,issue_rate,negative_rate,dissatisfaction_index,performance,priority_index,importance_cut,performance_cut,quadrant,scenic_priority_rank
BJ20_17,北京动物园,票务预约与入园体验,0,201,60,99,263,0.7642585551330798,0.29850746268656714,0.4925373134328358,0.39552238805970147,0.6044776119402986,0.30228136882129275,0.28136882129277563,0.6829740187949144,高重要性低表现 = 优先改进,1
BJ20_17,北京动物园,现场服务与导览体验,0,12,4,4,263,0.045627376425855515,0.3333333333333333,0.3333333333333333,0.3333333333333333,0.6666666666666667,0.015209125475285171,0.28136882129277563,0.6829740187949144,低重要性低表现 = 次级改进,2
BJ20_17,北京动物园,交通与开放空间体验,0,9,0,4,263,0.034220532319391636,0.0,0.4444444444444444,0.2222222222222222,0.7777777777777778,0.0076045627376425855,0.28136882129277563,0.6829740187949144,低重要性高表现 = 低优先级观察,3
