official_scenic_id,scenic_name,theme_name_cn,is_satisfaction_topic,theme_review_n,theme_issue_n,theme_negative_n,sample_n,importance,issue_rate,negative_rate,dissatisfaction_index,performance,priority_index,importance_cut,performance_cut,quadrant,scenic_priority_rank
BJ20_18,玉渊潭公园,票务预约与入园体验,0,149,15,10,267,0.5580524344569289,0.10067114093959731,0.06711409395973154,0.08389261744966442,0.9161073825503356,0.04681647940074906,0.2921348314606742,0.8429205678459967,高重要性高表现 = 继续保持,1
BJ20_18,玉渊潭公园,现场服务与导览体验,0,4,1,2,267,0.0149812734082397,0.25,0.5,0.375,0.625,0.0056179775280898875,0.2921348314606742,0.8429205678459967,低重要性低表现 = 次级改进,2
BJ20_18,玉渊潭公园,交通与开放空间体验,0,81,0,2,267,0.30337078651685395,0.0,0.024691358024691357,0.012345679012345678,0.9876543209876543,0.003745318352059925,0.2921348314606742,0.8429205678459967,高重要性高表现 = 继续保持,3
