scheme_name,pos_threshold,neg_threshold,pseudo_accuracy,pseudo_macro_f1,manual_accuracy,positive_share,neutral_share,negative_share,high_rating_negative_rate,high_rating_no_issue_negative_rate,five_star_no_issue_negative_rate,low_rating_negative_rate,is_recommended
scheme_h_pos_ge_0.85_neg_le_0.10,0.85,0.1,0.7168769716088328,0.5081300386290252,0.5416666666666666,0.6138333333333333,0.176,0.21016666666666667,0.14963503649635038,0.1111111111111111,0.1002753556677375,0.9846153846153847,1
scheme_f_pos_ge_0.80_neg_le_0.15,0.8,0.15,0.7316640378548895,0.49878107385443576,0.5416666666666666,0.6331666666666667,0.13783333333333334,0.229,0.16824817518248175,0.1286231884057971,0.11702615878843506,0.9961538461538462,0
scheme_g_pos_ge_0.85_neg_le_0.15,0.85,0.15,0.7154968454258676,0.4945005018818767,0.5416666666666666,0.6138333333333333,0.15716666666666668,0.229,0.16824817518248175,0.1286231884057971,0.11702615878843506,0.9961538461538462,0
scheme_e_pos_ge_0.80_neg_le_0.20,0.8,0.2,0.7300867507886435,0.48946209333736385,0.5416666666666666,0.6331666666666667,0.12783333333333333,0.239,0.17828467153284672,0.13747987117552335,0.1255162918770078,0.9961538461538462,0
scheme_d_pos_ge_0.75_neg_le_0.25,0.75,0.25,0.7432965299684543,0.4851417721769377,0.5416666666666666,0.649,0.10233333333333333,0.24866666666666667,0.18813868613138687,0.14673913043478262,0.13354749885268472,0.9961538461538462,0
scheme_c_pos_ge_0.70_neg_le_0.30,0.7,0.3,0.7535488958990536,0.4807969992072885,0.5416666666666666,0.664,0.0785,0.2575,0.19744525547445255,0.15519323671497584,0.14180816888480954,1.0,0
scheme_b_pos_ge_0.65_neg_le_0.35,0.65,0.35,0.762223974763407,0.4736217250348614,0.5416666666666666,0.6765,0.056,0.2675,0.20821167883211678,0.16586151368760063,0.15305185865075724,1.0,0
scheme_a_pos_ge_0.60_neg_le_0.40,0.6,0.4,0.767941640378549,0.4624487864174162,0.5416666666666666,0.6863333333333334,0.036333333333333336,0.2773333333333333,0.21897810218978103,0.17673107890499196,0.16337769619091327,1.0,0
