official_scenic_id,scenic_name,theme_name_cn,is_satisfaction_topic,theme_review_n,theme_issue_n,theme_negative_n,sample_n,importance,issue_rate,negative_rate,dissatisfaction_index,performance,priority_index,importance_cut,performance_cut,quadrant,scenic_priority_rank
BJ20_20,奥林匹克塔,票务预约与入园体验,0,38,18,21,272,0.13970588235294118,0.47368421052631576,0.5526315789473685,0.5131578947368421,0.48684210526315785,0.07169117647058824,0.1691176470588235,0.7641325536062378,低重要性低表现 = 次级改进,1
BJ20_20,奥林匹克塔,交通与开放空间体验,0,90,4,4,272,0.33088235294117646,0.044444444444444446,0.044444444444444446,0.044444444444444446,0.9555555555555556,0.014705882352941176,0.1691176470588235,0.7641325536062378,高重要性高表现 = 继续保持,2
BJ20_20,奥林匹克塔,现场服务与导览体验,0,10,1,2,272,0.03676470588235294,0.1,0.2,0.15000000000000002,0.85,0.005514705882352942,0.1691176470588235,0.7641325536062378,低重要性高表现 = 低优先级观察,3
