lda_topic_id,topic_name_cn,topic_role,is_satisfaction_topic,topic_share,dominant_review_n,dominant_review_share,avg_rating_weighted,high_rating_rate_weighted,low_rating_rate_weighted,positive_keyword_hits,top_keywords
0,票务预约与入园体验,governance,0,0.1551253931397729,747,0.13884758364312266,4.400585451601637,0.8548998147751122,0.0856520563958979,0,时间|门票|进入|需要|参观|购买|提前|东西|一切|定陵|预订|不能
1,整体满意与感知评价,satisfaction,1,0.26801181112090433,1556,0.2892193308550186,4.581129730225031,0.9031654336932845,0.037781068263085624,5,不错|景色|体验|推荐|缆车|好玩|有趣|性价比|总体|建议|适合|小时
2,交通与开放空间体验,governance,0,0.16118224293311062,795,0.14776951672862454,4.694186786170582,0.941900348337906,0.023670375226342077,0,预约|中轴线|奥运|鸟巢|奥运会|俯瞰|一座|世界|特色|美景|灯光|场馆
3,票务预约与入园体验,governance,0,0.19643285484993508,1047,0.1946096654275093,4.545836515119858,0.8973209644009422,0.05522543836071974,1,方便|门票|交通|动物园|排队|携程|熊猫|时间|很大|一去|寺庙|便宜
4,现场服务与导览体验,governance,0,0.21924769795627702,1235,0.2295539033457249,4.779051628484829,0.9462651022311408,0.030648544799298575,2,讲解|导游|老师|知识|秀才|体验|了解|服务|推荐|专业|耐心|详细
