lda_topic_id,topic_name_cn,topic_role,is_satisfaction_topic,topic_share,dominant_review_n,dominant_review_share,avg_rating_weighted,high_rating_rate_weighted,low_rating_rate_weighted,positive_keyword_hits,top_keywords
0,现场服务与导览体验,governance,0,0.24959642129218396,1369,0.2544609665427509,4.72395450196913,0.9318023543952024,0.03863973998155533,2,讲解|导游|老师|知识|秀才|了解|体验|推荐|服务|专业|耐心|详细
1,整体满意与感知评价,satisfaction,1,0.3154567028030536,1778,0.3304832713754647,4.597462123023309,0.9114115643355203,0.034751331038811284,5,不错|景色|体验|推荐|缆车|性价比|好玩|有趣|适合|建议|小时|总体
2,票务预约与入园体验,governance,0,0.23187889413342314,1252,0.23271375464684016,4.599461240640303,0.9143939909512295,0.0471832232068617,2,门票|方便|进入|预约|需要|买票|提前|美丽|参观|中轴线|奥运|直接
3,交通与开放空间体验,governance,0,0.2030679817713393,981,0.18234200743494425,4.490645530509963,0.877090319010235,0.06523856775678029,0,动物园|熊猫|其他|可爱|只能|门票|秋天|排队|停车|其实|什么|千年
