k,silhouette_score,is_selected
4,0.47519417954006116,1
2,0.45508945127063355,0
5,0.4440970822578218,0
3,0.41534579010598105,0
