theme_name_cn,theme_review_share_mean,theme_issue_share_mean,theme_issue_rate_within_theme_mean,theme_negative_share_mean,theme_negative_rate_within_theme_mean,theme_avg_sentiment_score_mean,corr_issue_divergence_rate,corr_high_rating_with_issue_rate,corr_priority_score,importance_raw,gap_raw,importance,gap,performance,quadrant,overall_priority_index,importance_cut,gap_cut,overall_priority_rank
票务预约与入园体验,0.29899999999999993,0.07133333333333333,0.27210367670161917,0.10300000000000001,0.3842270152643267,0.5050742030441773,0.7076144372642846,0.7647787285445156,0.7625686219506115,0.7413604853839472,0.07133333333333333,1.0,1.0,0.0,高重要性高缺口 = 优先改进,1.0,0.3353494338079965,0.39054726368159204,1
交通与开放空间体验,0.1325,0.004333333333333333,0.04842396958979176,0.006166666666666666,0.07806981268290791,0.8748667016721893,0.0709299305909391,0.109972107755771,0.1927879278796928,0.11505919192081869,0.004333333333333333,0.006048301423989402,0.0,1.0,低重要性低缺口 = 观察即可,0.0,0.3353494338079965,0.39054726368159204,2
现场服务与导览体验,0.2058333333333333,0.01583333333333333,0.09157930658610595,0.02166666666666667,0.12912717813533128,0.7884686154021988,-0.11253349874210568,-0.05487066682633199,0.18811979715663799,0.11124808217521795,0.01583333333333333,0.0,0.1716417910447761,0.8283582089552239,低重要性低缺口 = 观察即可,0.0,0.3353494338079965,0.39054726368159204,3
