official_scenic_id,scenic_name,theme_name_cn,is_satisfaction_topic,theme_review_n,theme_issue_n,theme_negative_n,sample_n,importance,issue_rate,negative_rate,dissatisfaction_index,performance,priority_index,importance_cut,performance_cut,quadrant,scenic_priority_rank
BJ20_07,八达岭长城,票务预约与入园体验,0,88,22,36,279,0.3154121863799283,0.25,0.4090909090909091,0.3295454545454546,0.6704545454545454,0.10394265232974911,0.1851851851851852,0.8355693049089276,高重要性低表现 = 优先改进,1
BJ20_07,八达岭长城,现场服务与导览体验,0,53,2,4,279,0.18996415770609318,0.03773584905660377,0.07547169811320754,0.05660377358490566,0.9433962264150944,0.01075268817204301,0.1851851851851852,0.8355693049089276,高重要性高表现 = 继续保持,2
BJ20_07,八达岭长城,交通与开放空间体验,0,14,1,2,279,0.05017921146953405,0.07142857142857142,0.14285714285714285,0.10714285714285714,0.8928571428571429,0.005376344086021505,0.1851851851851852,0.8355693049089276,低重要性高表现 = 低优先级观察,3
