official_scenic_id,scenic_name,theme_name_cn,is_satisfaction_topic,theme_review_n,theme_issue_n,theme_negative_n,sample_n,importance,issue_rate,negative_rate,dissatisfaction_index,performance,priority_index,importance_cut,performance_cut,quadrant,scenic_priority_rank
BJ20_02,颐和园,票务预约与入园体验,0,52,15,21,251,0.20717131474103587,0.28846153846153844,0.40384615384615385,0.34615384615384615,0.6538461538461539,0.07171314741035857,0.2855245683930943,0.8643958105229208,低重要性低表现 = 次级改进,1
BJ20_02,颐和园,现场服务与导览体验,0,106,6,5,251,0.42231075697211157,0.05660377358490566,0.04716981132075472,0.05188679245283019,0.9481132075471698,0.021912350597609563,0.2855245683930943,0.8643958105229208,高重要性高表现 = 继续保持,2
BJ20_02,颐和园,交通与开放空间体验,0,57,1,0,251,0.22709163346613545,0.017543859649122806,0.0,0.008771929824561403,0.9912280701754386,0.00199203187250996,0.2855245683930943,0.8643958105229208,低重要性高表现 = 低优先级观察,3
