official_scenic_id,scenic_name,theme_name_cn,is_satisfaction_topic,theme_review_n,theme_issue_n,theme_negative_n,sample_n,importance,issue_rate,negative_rate,dissatisfaction_index,performance,priority_index,importance_cut,performance_cut,quadrant,scenic_priority_rank
BJ20_11,潭柘寺,票务预约与入园体验,0,184,26,25,268,0.6865671641791045,0.14130434782608695,0.1358695652173913,0.13858695652173914,0.8614130434782609,0.09514925373134328,0.27611940298507465,0.945867839889579,高重要性低表现 = 优先改进,1
BJ20_11,潭柘寺,交通与开放空间体验,0,21,1,0,268,0.07835820895522388,0.047619047619047616,0.0,0.023809523809523808,0.9761904761904762,0.0018656716417910447,0.27611940298507465,0.945867839889579,低重要性高表现 = 低优先级观察,2
BJ20_11,潭柘寺,现场服务与导览体验,0,17,0,0,268,0.06343283582089553,0.0,0.0,0.0,1.0,0.0,0.27611940298507465,0.945867839889579,低重要性高表现 = 低优先级观察,3
