official_scenic_id,scenic_name,theme_name_cn,is_satisfaction_topic,theme_review_n,theme_issue_n,theme_negative_n,sample_n,importance,issue_rate,negative_rate,dissatisfaction_index,performance,priority_index,importance_cut,performance_cut,quadrant,scenic_priority_rank
BJ20_12,红螺寺,票务预约与入园体验,0,110,8,10,271,0.4059040590405904,0.07272727272727272,0.09090909090909091,0.08181818181818182,0.9181818181818182,0.033210332103321034,0.1968019680196802,0.929324494949495,高重要性低表现 = 优先改进,1
BJ20_12,红螺寺,现场服务与导览体验,0,32,0,3,271,0.11808118081180811,0.0,0.09375,0.046875,0.953125,0.005535055350553505,0.1968019680196802,0.929324494949495,低重要性高表现 = 低优先级观察,2
BJ20_12,红螺寺,交通与开放空间体验,0,18,2,1,271,0.06642066420664207,0.1111111111111111,0.05555555555555555,0.08333333333333333,0.9166666666666666,0.005535055350553505,0.1968019680196802,0.929324494949495,低重要性低表现 = 次级改进,3
